keyword,April,August,July,June,Sept-Oct
100x circle private limited,1,,,,
agricultural fogging equipment,,1,4,4,
agricultural fogging machines india,,2,2,NIS,
agricultural spraying equipment,,1,NIS,,
agriculture fogging machine,,6,,,4
best double barrel thermal fogger india,,2,7,2,
best fogging machine,,3,,,1
best fogging solutions,,3,,,4
best high capacity thermal fogger,,1,,,
best portable thermal fogger,,2,,,
best thermal cold fogging machine india,,2,12,11,
best thermal foggers manufacturer,,1,7,26,
buy double barrel fogger online in bihar,,1,,1,
buy double barrel fogger online in bihar / india,,,1,1,
buy double barrel fogger online in india,,4,,4,
buy double barrel fogger online india,,2,,,
buy double barrel thermal fogging machine,NIS,,,,
buy fogging machine online bihar,,2,4,5,
buy industrial fogging machine online,6,1,NIS,,
buy ss tank fogging machine bihar,,1,,5,
buy ss tank fogging machine india,,2,10,6,
buy stainless steel tank thermal fogger,NIS,2,,,
buy stainless steel tank thermal fogger in bihar,,1,1,1,
buy thermal and cold fogging machine,NIS,2,,,
buy thermal and cold fogging machine in india,,2,9,9,
buy thermal cold fogger in bihar,,1,1,1,
chemical for fogging machine,,1,,,
cold fog machine,,2,,,1
cold fogging machine,NIS,2,,,1
cold fogging machine in bihar,,1,1,1,1
cold fogging machine supplier in bihar,,1,1,,
"cold fogging machine supplier in gurgaon, haryana",,1,2,,
cold fogging machine supplier in patna,,2,5,,
cold fogging machine supplier in up,,1,3,,
cold fogging machine supplier in uttar pradesh,,1,1,,
cold fogging machine supplier near me,,2,,4,
commercial thermal fogger in bihar india,,,1,,
commercial thermal fogger india,,12,,67,
disinfection fogging machine in bihar,,2,2,4,
double barrel fogging machine,NIS,,,,
double barrel thermal fogging machine supplier in bihar/ india,,1,1,1,
double barrel thermal fogging machine supplier near me,,4,,4,
durable thermal fogger india,,2,18,36,
fogger machine,,6,,,1
fogger machine for disinfection india,,,25,,
fogger machine for mosquitoes,,,NIS,,
fogging chemical,,1,,,1
fogging machine,,,,,1
fogging machine in bihar,,4,1,2,1
fogging machine in gem portal,,3,,,1
fogging machine manufacturer,,1,,,1
fogging machine manufacturers in india,,12,,,1
fogging machine near me,,5,,,
fogging machine near me gurgaon,,,,,6
fogging machine on gem,,2,,,1
fogging machine on gem portal,,2,,,
fogging machine price,,4,,,
fogging machine price in india,NIS,,,,
fogging machine spare parts,,13,,,7
fogging machine supplier in bihar,,1,,,
"fogging machine supplier in gurgaon, haryana",,1,,,
fogging machine supplier in india,NIS,1,6,,1
fogging machine supplier india,,1,13,,
fogging machine supplier near me,,3,,5,
"fogging mchine supplier in gurgaon, haryana",,,3,,
heavy duty vehicle mount fogger supplier,,13,7,NIS,
heavy duty vehicle mount fogging machine supplier,NIS,,,,
heavy duty vehicle mounted fogging machine in bihar/ india,,1,1,1,
high capacity thermal fogger in bihar,,1,1,2,
industrial double barrel fogger,,2,,,
industrial double barrel fogger in bihar,,1,1,1,
industrial double barrel fogger in india,,2,,4,
industrial stainless steel fogger india,,22,23,13,
industrial thermal cold fogger supplier,,2,1,10,
industrial thermal cold fogging machine supplier,NIS,,,,
industrial thermal fogging equipment in bihar,,,1,,
industrial thermal fogging equipment india,,2,,NIS,
industrial thermal fogging machine supplier in bihar,,1,,1,
industrial thermal fogging machine supplier in bihar/india,,1,1,1,
industrial thermal fogging machine suppliers india,,1,13,,
industrial thermal fogging solutions,,3,7,2,
mosquito and pest control equipment,,5,,,
mosquito and pest control equipment bihar,,,3,,
mosquito control fogging machine bihar,,,1,,
mosquito control fogging machine india,,13,,NIS,
mosquito control machine dealer bihar,,1,,,
mosquito control machine dealer gurgaon,,1,,,
mosquito control machine dealer in bihar,,,NIS,,
mosquito control machine dealer in gurgaon,,,NIS,,
mosquito control machine supplier near me,,,,NIS,
mosquito fog machine price,,,,,NIS
mosquito fogging,,19,,,23
mosquito fogging machine manufacturer,32,1,,,
mosquito fogging machine manufacturer in bihar,,1,1,1,
mosquito fogging machine price,NIS,,,,
mosquito fogging machine supplier near me,,14,,15,
nhm fogging machine,,1,,,1
order thermal fogging machine,NIS,,,,
pest control equipment supplier near me,,,,NIS,
pest control fogger in bihar,,1,2,3,1
pest control fogger india,,,NIS,NIS,
pest control fogging machine near me,,4,,12,
pest control fogging machine supplier in patna bihar,,1,3,,
pest control fogging machine supplier india,NIS,1,12,,
public health fogging solutions,,3,5,NIS,1
public health fogging solutions india,,7,4,19,
pulse fogging machine,,,,,1
ss fogging machine price,NIS,,,,
ss tank thermal fogging machine supplier,NIS,,,,
stainless steel fogger near  me gurgaon,,,,,1
stainless steel fogger near me,,1,,NIS,
stainless steel fogger price,NIS,,,,
stainless steel fogger supplier in bihar,,1,1,,
stainless steel fogger supplier in gurgaon haryana,,1,4,,
stainless steel fogger supplier in uttar pradesh,,1,4,,
stainless steel fogging machine,,,,,1
stainless steel fogging machine supplier bihar,,1,,3,
stainless steel fogging machine supplier india,,2,10,NIS,
stainless steel tank fogging machine manufacturer in bihar,,1,1,,
stainless steel tank fogging machine manufacturer in patna,,1,4,,
stainless steel tank fogging machine manufacturer india,NIS,,,,
stainless steel tank fogging machine manufacturer near me,,6,,6,
thermal cold fogger manufacturer india,NIS,2,9,15,1
thermal fog machine,,,,,1
thermal fogger with stainless steel tank,,1,9,5,
thermal fogging machine,,1,,,4
thermal fogging machine dealer in india,,3,,,
thermal fogging machine dealer near me,,,,6,
thermal fogging machine manufacturer,NIS,,,,
thermal fogging machine manufacturer in india,,1,11,,
thermal fogging machine with stainless steel tank,NIS,,,,
thermal fogging machines for industrial use india,,1,8,24,
vector control fogging equipment,,2,6,17,
vehicle mounted fogging equipment,,1,9,14,
vehicle mounted fogging machine,NIS,1,,,1
vehicle mounted fogging machine manufacturer,NIS,,,,
vehicle mounted fogging machine near me,,13,,9,
vehicle mounted thermal fogger manufacturer india,NIS,,,,
vehicle-mounted thermal fogging machine india,,1,6,16,
