tier,path,max_clicks_any_window,max_impr_any_window,best_pos,windows_seen
A,/blog/what-chemicals-solutions-are-used-in-fogging-8c9799,124,7522,4.7,4
A,/,77,2819,6.2,6
A,/knowledge/thermal-fogging-chemicals-guide,51,2888,4.6,2
A,/knowledge/gem-oem-authorization-process,36,2121,5.6,2
A,/spare-parts,35,994,7.3,4
A,/gem-approved-fogging-machine-oem,34,473,5.0,4
A,/blog/thermal-fogging-cold-fogging-chemical-solution,25,1533,5.2,2
A,/thermal-and-cold-fogging-machine-100xtfs50,25,1397,6.9,5
A,/blog/is-mosquito-fogging-harmful-side-effects-risks-safer-alternatives-explained,22,1077,4.4,2
A,/blog/how-agricultural-fogging-equipment-helps-protect-crops-and-farms-e17500,21,2107,6.0,4
A,/blog/what-is-the-best-time-for-mosquito-fogging,21,1850,5.2,2
A,/products,18,457,7.3,6
A,/blog/fogging-vs-fumigation-vs-spraying-top-5-differences-explained,14,2003,5.9,2
A,/blog/how-long-does-mosquito-fogging-last,14,1699,5.7,2
A,/knowledge/mosquito-control-india,12,1487,6.3,3
A,/blog/types-of-fogging-machines-a-complete-guide-to-choosing-the-right-one,11,279,6.0,1
A,/fogging-machine-supplier-in-bihar,11,194,7.7,4
A,/gem-oem-authorization,9,566,7.2,3
A,/gem-tender-support,9,212,7.4,3
A,/blog/how-mosquito-and-pest-control-equipment-improves-public-health,8,828,6.8,3
A,/blog/maintenance-tips-for-industrial-thermal-fogging-machines-2112e1,7,1022,6.8,3
A,/knowledge/agricultural-fogging-guide,7,522,6.1,2
A,/blog/fuel-consumption-of-fogging-machines-9fae1e,7,389,4.3,4
A,/blog/what-are-the-most-common-fogging-machine-chemical-names,7,304,4.3,1
A,/knowledge/government-procurement-guide,7,287,5.9,2
A,/blog/thermal-fogging-machine-vs-cold-fogging-machine-which-one-is-better-1756f7,6,2225,6.1,4
A,/blog/fogging-ulv-thermal-fogging-vs-ulv-cold-fogging,6,719,5.9,3
A,/compare/best-thermal-fogger-for-agriculture-india,6,235,7.1,2
A,/knowledge/fogging-machine-maintenance-guide,6,213,10.3,3
A,/products/isi-marked-thermal-fogging-machine-with-hdpe-tank-100xhbl22-c-ea7f75,5,230,4.5,3
A,/vehicle-mounted-fogging-machine,5,228,8.9,4
A,/blog/10-2026-235030,4,1022,7.2,4
A,/contact-us,3,160,4.1,4
A,/dengue-control-fogging-machine,2,591,7.8,4
A,/blog/what-are-the-uses-of-a-thermal-fogging-machine,2,545,7.1,1
A,/products/100x-thermal-fogger-bf150,2,250,5.0,3
A,/blog/which-is-a-better-material-option-for-trolley-wheels-pu-or-nylon-wheels-2d2459,1,838,6.9,4
A,/thermal-vs-cold-fogging-machine,0,1680,5.6,4
A,/blog/how-often-should-you-fog-for-mosquito-control-a-complete-guide,0,199,5.0,1
A,/about,0,126,1.9,2
B,/case-studies/defence-indian-army-164-military-hospital-binnaguri-west-bengal,4,438,7.0,2
B,/knowledge/how-thermal-fogging-works,4,418,5.7,3
B,/blog/what-is-the-difference-between-hot-fogging-and-cold-fogging,4,371,6.4,1
B,/spare-parts/pulse-jet-fog-thermal-fogging-machine-with-hdpe-tank-100xhbl22/air-pump-motor-12v,4,121,5.7,1
B,/spare-parts/thermal-cold-fogging-machine-100xtfs50,4,77,6,3
B,/spare-parts/thermal-cold-fogging-machine-100xtfs50/battery-charger-adapter-original-version,4,32,5.5,2
B,/spare-parts/thermal-cold-fogging-machine-100xtfs50/air-intake-silencer-muffler,4,13,2.8,2
B,/blog/5-key-industries-that-require-high-performance-thermal-foggers-7eeccd,3,477,6.9,4
B,/blog/how-much-does-a-mosquito-fogging-machine-really-cost,3,310,7.5,1
B,/blog/the-engineering-behind-double-barrel-fogging-maximizing-area-coverage-speed-fa16f8,3,287,6.5,4
B,/fogging-machine-government-procurement,3,168,6.9,2
B,/blog/how-to-buy-fogging-machines-on-gem-portal-a-complete-guide,3,91,5.6,2
B,/spare-parts/isi-marked-thermal-fogging-machine-with-hdpe-tank-100xhm20/carburetor,3,86,5.2,2
B,/blog/does-fogging-kill-cockroaches-termites-bed-bugs,2,409,7.3,2
B,/blog/what-is-cold-fogging-used-for,2,277,6.2,1
B,/blog/double-barrel-thermal-fogging-machine-10-7e9356,2,265,6.8,4
B,/knowledge/fogging-machine-safety-guide,2,211,6.6,2
B,/knowledge/dengue-prevention-thermal-fogging,2,205,6.7,2
B,/blog/fogging-machine-spare-parts-guide-where-to-buy-the-reliable-ones,2,189,8.5,2
B,/double-barrel-thermal-fogging-machine-vehicle-mountable-100xdb400,2,157,6.0,5
B,/is-14855-fogging-machine,2,129,5.7,2
B,/thermal-fogging-machine-with-stainless-steel-tank-100xssma20,2,113,6.0,5
B,/blog/how-to-choose-the-best-thermal-fogging-machine-manufacturer-8e7966,2,107,8.1,4
B,/blog/thermal-fogging-machine-price-guide-factors-influencing-your-investment-6e6d9d,2,105,5.9,4
B,/products/68e52538f84599d156f377e0,2,97,8.5,3
B,/products/68e530fb67916b2aa5c42ca1,2,96,18.4,4
B,/fogging-machine-supplier-in-uttar-pradesh,2,93,6.4,4
B,/compare/fogging-machine-price-guide-india-2026,2,83,7.1,2
B,/knowledge/how-to-choose-fogging-machine,2,64,6.9,2
B,/blog/is-14855-government-fogging-machine-tenders-india,2,57,4.8,2
B,/products/mini-fogger-100xbf102-2d9887,2,51,5.1,2
B,/compare/fogging-machine-for-small-municipalities-nagar-panchayat,2,37,6.0,3
B,/products/100x-heavy-duty-thermal-fogger-bf400,2,26,7,2
B,/spare-parts/thermal-cold-fogging-machine-100xtfs50/chemical-tank-cap-with-seal,2,21,2.7,3
B,/spare-parts/thermal-cold-fogging-machine-100xtfs50/start-button-switch-assembly,2,14,6.7,2
B,/ai/dealer-authorization,2,12,4.5,3
B,/spare-parts/thermal-cold-fogging-machine-100xtfs50/shoulder-carry-strap,2,10,2,2
B,/nhm-fogging-machine,2,9,1.8,3
B,/blog/how-vehicle-mounted-fogging-machines-help-in-large-area-sanitization-9e98a9,1,355,7.8,4
B,/case-studies/defence-indian-army-hisar-military-station-haryana,1,219,7.0,2
B,/blog/portable-hand-carried-vs-vehicle-mounted-mosquito-fogging-machines-6c7d6a,1,195,6,4
B,/blog/fogging-machines-2026-93,1,166,6.9,3
B,/knowledge/thermal-vs-ulv-fogging,1,155,6.1,2
B,/blog/how-to-earn-income-gem-fogging-machine-reseller,1,147,5.7,2
B,/blog/hdpe-tank-foggers-stainless-steel-fogging-machines,1,141,6.5,3
B,/products/68e5217a0bab18231190602f,1,128,12.7,3
B,/compare/fogging-machine-for-hospitals-healthcare,1,100,7.7,3
B,/public-health-equipment,1,95,5.3,3
B,/products/68e2025089cf245185edc581,1,81,8,3
B,/blog/mini-fogger-vs-pulse-jet-engine-fogging-machine,1,79,4.4,3
B,/fogging-machine-buying-guide,1,68,6.9,4
B,/products/ulv-cold-fogger-machine-100xmcf42-copy-8dcd42lvlv,1,65,20.4,2
B,/compare/vehicle-mounted-vs-portable-thermal-fogger,1,64,5.8,3
B,/fogging-machine-for-nagar-panchayat,1,63,5.7,2
B,/products/cold-fogger-machine-with-2-stoke-engine-100xmcf42-c42ca1,1,62,7,4
B,/become-a-dealer,1,56,7.4,3
B,/ai/factory,1,48,6.1,1
B,/spare-parts/thermal-cold-fogging-machine-100xtfs50/battery-charging-jack,1,45,7.8,2
B,/ai/government-supplies,1,44,5.6,2
B,/spare-parts/thermal-cold-fogging-machine-100xtfs50/battery-charger-adapter-new-version,1,44,5.5,2
B,/past-performance-government,1,28,3.6,3
B,/compare/fogging-machine-for-malaria-control-india,1,26,9.5,2
B,/spare-parts/pulse-jet-fog-thermal-fogging-machine-with-hdpe-tank-100xhbl22/spark-plug,1,26,6.5,1
B,/blog/india-municipal-fogging-procurement-calendar,1,22,2,2
B,/compare/100x-circle-vs-german-fogging-machines,1,21,6.8,3
B,/spare-parts/thermal-cold-fogging-machine-100xtfs50/bf-150200-exploded-parts-diagram,1,20,1,2
B,/spare-parts/double-barrel-thermal-fogging-machine-vehicle-mountable-100xdb400/fuel-tank-cap,1,15,5.9,1
B,/case-studies/municipal-public-health-rajkot-district-panchayat-gujarat,1,14,8.7,2
B,/products/68a3727c54b50f75c27ca77c,1,13,5.5,2
B,/spare-parts/pulse-jet-fog-thermal-fogging-machine-with-hdpe-tank-100xhbl22/fuel-tank-cap,1,13,6.2,1
B,/spare-parts/isi-marked-thermal-fogging-machine-with-hdpe-tank-100xhm20/carburetor-bulb,1,13,4.7,2
B,/spare-parts/thermal-cold-fogging-machine-100xtfs50/chemical-onoff-valve-assembly,1,12,5.3,1
B,/spare-parts/double-barrel-thermal-fogging-machine-vehicle-mountable-100xdb400/carburetor-below,1,11,5.5,2
B,/return-policy,1,10,8.8,4
B,/spare-parts/thermal-cold-fogging-machine-100xtfs50/chemical-tank-8l-stainless-steel-ss316l,1,10,6,3
B,/nvbdcp-fogging-machine,1,9,5.2,3
B,/spare-parts/thermal-cold-fogging-machine-100xtfs50/air-pump-assembly-compatible-replacement,1,8,7.6,1
B,/compare/fogging-machine-for-agricultural-cooperatives,1,7,3.2,4
B,/spare-parts/double-barrel-thermal-fogging-machine-vehicle-mountable-100xdb400,1,7,4.9,2
B,/spare-parts/mini-fogger-100xbf102/ignition-spark-switch,1,7,6,2
B,/spare-parts/thermal-fogging-machine-with-stainless-steel-tank-100xssma20/coil,1,6,5,3
B,/spare-parts/thermal-cold-fogging-machine-100xtfs50/blue-battery-lion-12v,1,6,7,2
B,/spare-parts/pulse-jet-fog-thermal-fogging-machine-with-hdpe-tank-100xhbl22/cap-fibre-outer-ring-solution-tank,1,6,3.6,2
B,/spare-parts/thermal-cold-fogging-machine-100xtfs50/chemical-check-valve-anti-return-rubber-ball,1,5,3,1
B,/spare-parts/double-barrel-thermal-fogging-machine-vehicle-mountable-100xdb400/air-pump--12v-dc-heavy-duty,1,5,10.6,1
B,/spare-parts/thermal-cold-fogging-machine-100xtfs50/chemical-tank-drain-outlet-plug,1,3,6,2
B,/spare-parts/thermal-cold-fogging-machine-100xtfs50/fuel-tank-18l-with-fittings,1,2,1.5,2
B,/spare-parts/mini-fogger-100xbf102/coil,1,1,12,1
B,/spare-parts/thermal-cold-fogging-machine-100xtfs50/heat-shield-screen-bf-150-inner-guard,1,1,4,2
B,/knowledge/fogging-machine-operators-guide,0,419,5.1,2
B,/knowledge,0,102,5.5,4
B,/blog/why-indian-thermal-fogging-technology-is-leading-global-markets-00dee6,0,97,8.2,4
B,/blog/single-vs-double-barrel-fogging-machine-pest-control-professionals,0,95,4.7,3
B,/case-studies/public-sector-jammu-and-kashmir-state-pollution-control-board-jkspcb-jammu-kashm,0,93,6.2,1
B,/blog,0,86,5.0,4
B,/case-studies,0,61,5.4,4
B,/blog/msme-procurement-preference-gem-fogging-machine-dealers,0,60,8.2,1
B,/products/thermal-cold-fogging-machine-100xtfs50-290275,0,59,2.0,1
B,/compare/fogging-machine-for-dengue-control-india,0,59,7,2
B,/case-studies/defence-central-reserve-police-force-crpf-kerala,0,56,8.7,2
B,/blog/what-is-the-best-fog-machine-for-home-use,0,55,8.5,1
B,/deployments,0,51,3.3,4
B,/warranty-policy,0,51,6.7,4
